Categoría,Tema_de_Debate,Apertura_Pro,Apertura_Contra,Contra_Examen_Pro,Contra_Examen_Contra,Cierre_Pro,Cierre_Contra
"Inteligencia Artificial y Ética","¿Deberían los compañeros de IA reemplazar las relaciones humanas en sociedades solitarias?","En un mundo donde la soledad se ha convertido en una epidemia silenciosa que afecta a millones de personas en sociedades urbanas densas pero emocionalmente desconectadas, los compañeros de IA emergen como una solución innovadora que ofrece compañía constante y personalizada. Estos sistemas son capaces de reducir síntomas de depresión en un 20% según estudios recientes de la Organización Mundial de la Salud, al simular empatía humana de manera adaptativa y sin prejuicios. Además, permiten interacciones que se ajustan en tiempo real a las necesidades del usuario, fomentando un sentido de pertenencia que las relaciones tradicionales a veces no logran proporcionar de forma consistente. Finalmente, esta tecnología podría integrar elementos terapéuticos, como recordatorios de autocuidado, para mejorar el bienestar general sin depender de la disponibilidad humana limitada.","Sin embargo, esta creciente dependencia de la IA para suplir necesidades emocionales podría erosionar las habilidades sociales auténticas que se desarrollan a través de interacciones humanas impredecibles y llenas de matices. Fomentaría un aislamiento mayor al crear expectativas irreales de perfección emocional donde la máquina siempre complace sin conflictos ni desafíos. A largo plazo, esto debilitaría la resiliencia personal y perpetuaría ciclos de soledad al evitar el aprendizaje que surge de las fricciones naturales en las relaciones reales, como el perdón o la negociación. Además, podría generar una brecha generacional donde las personas jóvenes prefieran lo artificial, exacerbando problemas sociales como la baja tasa de natalidad en sociedades envejecidas.","¿No es preferible una IA que adapte su personalidad en tiempo real para mitigar la soledad crónica en entornos urbanos densos pero desconectados, especialmente cuando las redes sociales tradicionales han fallado en conectar genuinamente a las personas y dejan a muchos en un vacío emocional constante?","¿Y si esa adaptación genera adicción similar a las redes sociales, exacerbando problemas mentales cuando la tecnología falla o se actualiza inesperadamente, dejando al usuario en un vacío emocional mayor del que partió y sin herramientas para reconectar con el mundo real?","En conclusión, los compañeros de IA representan un avance ético y transformador para complementar las relaciones humanas, promoviendo el bienestar emocional a través de regulaciones estrictas que garanticen su uso como herramienta de apoyo y no como sustituto absoluto. Esta integración podría revolucionar la salud mental en sociedades solitarias, ofreciendo accesibilidad a compañía para grupos vulnerables como ancianos o discapacitados. Al final, equilibrar lo artificial con lo humano abre puertas a una sociedad más inclusiva donde la tecnología alivia el aislamiento sin reemplazar la esencia de las conexiones auténticas. Por tanto, con supervisión adecuada, esta innovación fomenta un futuro donde la empatía digital y humana coexisten armoniosamente.","Aunque prometedor en su capacidad para ofrecer consuelo inmediato, priorizar la IA sobre las interacciones humanas podría deshumanizar la sociedad de manera irreversible, demandando un enfoque urgente en fortalecer conexiones reales mediante políticas educativas y comunitarias. Esta dependencia podría erosionar valores culturales como la solidaridad familiar, llevando a una fragmentación social impredecible. En última instancia, sin regulaciones, la IA podría convertir la soledad en un mercado lucrativo en lugar de resolverla genuinamente. Por ello, es esencial invertir en programas que promuevan encuentros humanos para contrarrestar la tentación de lo artificial."
"Inteligencia Artificial y Ética","¿Es ético usar IA para pornografía deepfake de celebridades?","En el contexto de una industria adulta plagada de explotación y falta de consentimiento, la tecnología de IA para crear pornografía deepfake ofrece una alternativa ética al permitir la exploración de fantasías de forma privada y ficticia, potenciando la libertad artística individual. Disminuye la demanda de contenido real que involucra a personas vulnerables, transformando el entretenimiento en una forma interactiva similar a la ficción literaria pero con visuales hiperrealistas. Esto evita cualquier daño físico o emocional directo, permitiendo a los usuarios personalizar experiencias sin impactar vidas ajenas. Además, podría fomentar debates sobre ética digital, educando a la sociedad sobre los límites de la creatividad en un mundo tecnológico.","No obstante, esta práctica viola de manera flagrante la privacidad y la dignidad inherente de las celebridades, normalizando formas de ciberacoso que distorsionan la realidad y podrían inspirar delitos reales. Como se ha evidenciado en casos donde deepfakes han provocado campañas de difamación masivas en redes sociales, perpetúa un ciclo de objetivación que amplifica sesgos de género. Esto erosiona la confianza en la información digital, haciendo que la sociedad sea más susceptible a manipulaciones. Finalmente, podría desensibilizar a generaciones jóvenes ante el consentimiento, fomentando una cultura de abuso virtual.","¿No transforma esto el entretenimiento adulto en una forma de arte interactivo, similar a la ficción literaria, pero con visuales hiperrealistas que evitan daños físicos y abren debates sobre la creatividad en la era digital?","¿Y si esa 'creatividad' amplifica sesgos de género y causa trauma psicológico profundo, como en víctimas que enfrentan deepfakes virales sin mecanismos legales adecuados para su remoción o compensación?","En resumen, si se regula estrictamente con requisitos de consentimiento explícito y marcas de agua digitales, esta tecnología podría evolucionar hacia prácticas éticas que respeten la autonomía individual. Fomenta un debate más amplio sobre los límites de la expresión artística en la sociedad moderna, potenciando innovaciones seguras. Al equilibrar libertad creativa con protección, podría reducir explotación real en la industria. Por tanto, con marcos legales robustos, representa un avance hacia entretenimiento responsable.","Aunque innovador en su potencial para reducir explotación real, el riesgo de abuso ético y moral es inaceptable, requiriendo prohibiciones globales y estrictas para salvaguardar la integridad personal. Esta práctica podría perpetuar daños psicológicos irreversibles en víctimas públicas. Sin controles, normaliza violaciones de privacidad que socavan la sociedad digital. En última instancia, priorizar la dignidad humana sobre la innovación es esencial para un futuro ético."
"Inteligencia Artificial y Ética","¿Deberían los gobiernos exigir marcas de agua en todo el contenido generado por IA?","En una era dominada por la desinformación digital, imponer marcas de agua obligatorias en el contenido generado por IA promueve una transparencia global esencial, previniendo la proliferación de fake news. Protege los derechos de autor en plataformas donde el material artificial se mezcla indistintamente con lo humano, permitiendo a los usuarios discernir fuentes. Esto fomenta un ecosistema informativo más confiable y ético, reduciendo manipulaciones en contextos sensibles. Además, podría educar a la sociedad sobre la IA, promoviendo su uso responsable.","Pero esta medida regulatoria podría sofocar la innovación en sectores como la educación y el entretenimiento, donde la IA genera materiales personalizados de manera fluida. Impone etiquetas que estigmaticen su origen y compliquen el desarrollo de algoritmos en tiempo real, limitando el potencial creativo. Esto afecta a herramientas accesibles para todos, frenando avances en campos emergentes. Finalmente, podría generar burocracia innecesaria que desincentiva a desarrolladores independientes.","¿No evita esto manipulaciones en elecciones democráticas, como los deepfakes políticos que han influido en votaciones pasadas en países emergentes, salvaguardando la integridad del debate público?","¿Y si hackers eluden las marcas de agua con facilidad, convirtiendo la regulación en una mera ilusión que solo afecta a usuarios legítimos mientras los malintencionados operan libremente?","En conclusión, las marcas de agua obligatorias equilibran el progreso tecnológico con la veracidad societal, fomentando un ecosistema digital confiable. Mediante una implementación gradual que involucre a desarrolladores y gobiernos en un diálogo colaborativo, se logra transparencia sin sacrificar innovación. Esto protege a la sociedad de desinformación masiva. Por tanto, representa un paso esencial hacia un futuro digital ético.","Aunque protectora en teoría, esta imposición podría obstaculizar avances significativos, sugiriendo en su lugar estándares voluntarios y educativos que promuevan la responsabilidad. Sin mandatos universales, se evita burocracia que frena la creatividad. Enfoques colaborativos podrían ser más efectivos para combatir desinformación. Al final, equilibrar regulación con libertad es clave para el progreso."
"Inteligencia Artificial y Ética","¿Desvalorizará el arte generado por IA la creatividad humana o inspirará nuevas formas?","La integración de la IA en el arte actúa como un catalizador poderoso para la creatividad humana, generando borradores iniciales y fusionando estilos inesperados. Como la combinación de arte indígena ancestral con elementos cibernéticos en exposiciones híbridas, amplía el acceso a la expresión artística para comunidades marginadas. Artistas emergentes refinan estas ideas, expandiendo límites creativos. Esto democratiza el arte, haciendo herramientas avanzadas disponibles para todos.","Sin embargo, esta proliferación podría saturar los mercados con obras producidas en masa, devaluando el arte humano al priorizar la cantidad sobre la narrativa personal. Define las masterpieces históricas por su esfuerzo emocional, erosionando el valor cultural intrínseco. Podría homogeneizar estilos basados en datos limitados. Finalmente, amenaza la autenticidad que surge del proceso manual reflexivo.","¿No democratiza esto el arte de manera profunda, permitiendo a comunidades marginadas crear visuales culturales sin necesidad de recursos tradicionales caros, abriendo puertas a narrativas diversas que antes eran inaccesibles?","¿Y si esa democratización resulta en una homogeneización inevitable de estilos, basados en datos sesgados que ignoran la rica diversidad cultural auténtica y reducen el arte a algoritmos predecibles?","En resumen, el arte generado por IA inspira nuevas formas al colaborar estrechamente con los humanos, enriqueciendo el panorama artístico con accesibilidad ética. Posibilidades innovadoras expanden los límites de la imaginación colectiva. Con protecciones adecuadas, preserva el valor humano. Por tanto, representa una evolución positiva para el arte.","Aunque estimulante en su potencial, esta tecnología amenaza la autenticidad y el valor único del arte humano, necesitando protecciones legales y culturales. Para preservar su esencia irremplazable en un mundo cada vez más digitalizado, se deben establecer límites. Sin ellos, podría diluir la narrativa personal. En conclusión, equilibrar innovación con tradición es esencial."
"Inteligencia Artificial y Ética","¿Debería permitirse que la IA tome decisiones de vida o muerte en la atención médica?","En el ámbito de la atención médica sobrecargada, la IA procesa datos complejos con una precisión sobrehumana, optimizando triajes en emergencias. Reduce errores humanos en un 30%, como en sistemas avanzados que predicen colapsos cardíacos con antelación. Salva vidas en escenarios donde el tiempo es crítico, integrando datos masivos. Además, acelera diagnósticos en regiones con escasos especialistas.","Carece por completo de juicio ético intuitivo y empatía humana, lo que podría llevar a priorizar eficiencia económica sobre la equidad. En contextos de recursos limitados, amplifica desigualdades raciales inherentes en los conjuntos de datos sesgados. Erosiona la confianza paciente-médico al eliminar el toque humano. Finalmente, podría generar decisiones controvertidas sin accountability emocional.","¿No acelera esto los tratamientos durante pandemias globales, donde decisiones rápidas basadas en datos masivos pueden salvar poblaciones enteras de manera inesperada y eficiente?","¿Y si los algoritmos fallan en casos atípicos, como enfermedades raras o variaciones culturales, sin la adaptabilidad inherente al razonamiento humano que considera factores no cuantificables?","En conclusión, permitida bajo una supervisión humana rigurosa, la IA en decisiones críticas avanza la medicina hacia una equidad global. Integra tecnología con compasión para un futuro más saludable y accesible. Con protocolos éticos, salva vidas de forma innovadora. Por tanto, representa un progreso indispensable.","Aunque eficiente en teoría, los dilemas morales profundos que plantea exigen límites estrictos y éticos para evitar deshumanizar la atención médica. Priorizando siempre la vida humana sobre la algoritmia fría, se previene abusos. Sin supervisión, podría generar desigualdades irreparables. En última instancia, el toque humano debe prevalecer."
"Inversión en IA","¿Es ético invertir en acciones de IA?","Invertir en acciones de IA no solo acelera innovaciones transformadoras que abordan crisis climáticas globales, como algoritmos que optimizan el uso de energías renovables para reducir emisiones en un 25%. Genera retornos éticos al alinear las ganancias financieras con el avance sostenible de la sociedad, fomentando empleos en sectores verdes. Esto incentiva empresas a priorizar ética en desarrollo. Además, democratiza acceso a tecnología para países en desarrollo.","Podría inadvertidamente financiar desarrollos armamentísticos controvertidos, escalando conflictos globales mientras desplaza millones de empleos sin proporcionar transiciones justas. Los trabajadores afectados perpetúan desigualdades económicas en un mundo ya polarizado. Ignora impactos ambientales de servidores IA. Finalmente, concentra poder en corporaciones, exacerbando monopolios.","¿No cataliza esto soluciones inesperadas y vitales, como aplicaciones de IA en la agricultura que previenen hambrunas en regiones vulnerables mediante predicciones precisas de cosechas?","¿Y si esa priorización de ganancias ignora impactos éticos, exacerbando brechas digitales en países en desarrollo donde la IA podría concentrar poder en manos de pocas corporaciones?","En resumen, invertir en IA es ético cuando se enfoca deliberadamente en impactos positivos y sostenibles, equilibrando la prosperidad económica con una responsabilidad societal. Fomenta el bien común mediante selecciones conscientes. Con transparencia, genera avances inclusivos. Por tanto, representa una oportunidad moral.","Aunque lucrativo en el corto plazo, esta inversión ignora riesgos morales profundos que podrían desestabilizar sociedades, recomendando alternativas éticas. Priorizar el humanismo sobre el lucro tecnológico evita abusos. Sin ética, amplifica desigualdades. En conclusión, diversificar hacia inversiones responsables es clave."
"Género y Normas Sociales","¿Deberían prohibirse las fiestas de revelación de género?","Las fiestas de revelación de género celebran la llegada de un nuevo bebé con un sentido de comunidad y alegría compartida, fortaleciendo tradiciones familiares que apoyan emocionalmente a los padres durante transiciones significativas. Evolucionando hacia formatos más inclusivos que honran la diversidad sin imponer rigidez, fomentan unidad social. Estas celebraciones pueden educar sobre género de forma positiva si se adaptan. Además, generan recuerdos familiares valiosos.","Imponen expectativas de género prematuras y potencialmente restrictivas desde el nacimiento, contribuyendo a desigualdades sociales arraigadas. Generan riesgos ambientales inesperados, como los incendios forestales provocados por pirotecnia extravagante en celebraciones virales. Perpetúan estereotipos que limitan desarrollo infantil. Finalmente, podrían presionar a padres a conformarse con normas culturales obsoletas.","¿No unen estas fiestas a las familias en momentos de pura alegría, evolucionando naturalmente hacia celebraciones de género neutro que incluyen y celebran la diversidad emergente en la sociedad moderna?","¿Y si ese refuerzo de estereotipos limita las identidades infantiles desde temprana edad, como asignar roles basados en colores tradicionales que perpetúan normas obsoletas?","En conclusión, si se adaptan para ser inclusivas y sostenibles, estas fiestas enriquecen el tejido cultural sin necesidad de prohibición absoluta. Fomentan unidad familiar con sensibilidad contemporánea. Con ajustes, promueven celebración positiva. Por tanto, representan tradición evolutiva.","Aunque festivas en su intención, demandan una reforma urgente para evitar perpetuar normas de género obsoletas y riesgos innecesarios. Priorizando celebraciones que honren la individualidad desde el inicio, se previene daños. Sin cambios, agravan desigualdades. En última instancia, evolución cultural es esencial."
"Género y Normas Sociales","¿Sigue siendo relevante la masculinidad tóxica en 2025?","Abordar la masculinidad tóxica permanece crucial para reducir tasas de violencia doméstica y promover la salud mental masculina, ya que persisten patrones culturales de supresión emocional. Contribuyen a elevadas tasas de suicidio entre hombres, impulsando reformas educativas que redefinen la fuerza como vulnerabilidad compartida. Esto fomenta diálogos inclusivos de género. Además, beneficia a la sociedad al desmantelar barreras emocionales.","Podría inadvertidamente estigmatizar rasgos positivos tradicionales como la resiliencia y el protectorismo, ignorando contextos culturales donde lo 'tóxico' se interpreta de manera matizada. Aliena a potenciales aliados en el diálogo de género al generalizar. Ignora avances en masculinidades positivas. Finalmente, podría dividir en lugar de unir.","¿No explica esto las disparidades persistentes en el acceso a terapia para hombres, impulsando reformas innovadoras que incluyen perspectivas masculinas en los diálogos de género para una equidad más holística?","¿Y si el término en sí divide innecesariamente, alienando a hombres al generalizar comportamientos sin considerar variaciones individuales o culturales que enriquecen la masculinidad?","En conclusión, la masculinidad tóxica sigue siendo relevante como lente para fomentar masculinidades saludables y equidad de género. Promoviendo un cambio societal que beneficia a todos mediante educación inclusiva. Con enfoque, resuelve patrones arraigados. Por tanto, impulsa progreso continuo.","Aunque persistente en ciertos contextos, enfocarse en aspectos positivos y constructivos podría resolver sus impactos mejor que etiquetas potencialmente divisorias. Priorizando un diálogo unificador, se evita estigma. Sin etiquetas, fomenta inclusión. En resumen, evolución es preferible."
"Género y Normas Sociales","¿Se convertirá el no binario en la norma?","Reconocer y fomentar identidades no binarias promueve una inclusión profunda en la sociedad, reflejando la diversidad humana inherente y reduciendo discriminación en entornos laborales. Educativos donde políticas adaptadas fomentan entornos más equitativos y creativos, expandiendo libertad personal. Similar a evoluciones post-feministas, integra roles fluidos en normas cotidianas. Enriqueciendo la tapestry social con perspectivas diversas.","Podría desestabilizar estructuras sociales tradicionales que proporcionan claridad en contextos como la medicina o los deportes, complicando identidades colectivas. Generando resistencia cultural en comunidades conservadoras que valoran binarios establecidos. Erosiona categorías útiles para equidad competitiva. Finalmente, podría generar confusión en sistemas legales.","¿No expande esto la libertad personal de manera significativa, similar a las evoluciones post-feministas que integraron roles fluidos en normas cotidianas, enriqueciendo la tapestry social con perspectivas diversas?","¿Y si esa normalización de la fluidez erosiona categorías prácticas y útiles para garantizar equidad competitiva en áreas como el atletismo o la salud reproductiva?","En resumen, el no binario podría convertirse en una norma progresiva que enriquece la sociedad con mayor diversidad y empatía. Siempre que se implemente con sensibilidad hacia transiciones culturales, fomenta inclusión. Con equilibrio, resuelve tensiones. Por tanto, representa evolución positiva.","Aunque inclusivo en su esencia, requiere un equilibrio cuidadoso para mantener la coherencia social y evitar divisiones innecesarias en estructuras establecidas. Priorizando claridad, previene confusiones. Sin equilibrio, desestabiliza. En conclusión, tradición y progreso deben coexistir."
"Género y Normas Sociales","¿Debería la licencia de paternidad igualar a la de maternidad?","Igualar las licencias de paternidad con las de maternidad promueve una equidad parental fundamental, fortaleciendo los lazos familiares y cerrando brechas salariales de género. Como se ha demostrado en modelos escandinavos donde la involucración paterna reduce el burnout materno. Fomenta crianza compartida, beneficiando desarrollo infantil. Además, transforma normas laborales hacia flexibilidad.","Podría ignorar diferencias biológicas inherentes post-parto, presionando economías y sistemas laborales sin el soporte necesario para ausencias prolongadas. Lo que podría generar resentimientos en entornos donde los roles tradicionales aún predominan. Ignora variaciones culturales. Finalmente, podría sobrecargar empresas pequeñas.","¿No beneficia esto el desarrollo infantil de manera holística, con padres más involucrados que contribuyen a un equilibrio emocional inesperado en el hogar, reduciendo tasas de divorcio relacionadas con desigualdades parentales?","¿Y si esa igualación fuerza roles no deseados en contextos culturales específicos, exacerbando desigualdades en sectores laborales donde la flexibilidad es limitada?","En conclusión, igualar las licencias avanza hacia una igualdad genuina con implementación flexible y apoyada, transformando normas familiares. Para un futuro más equilibrado, fomenta equidad. Con soporte, resuelve brechas. Por tanto, es esencial para progreso social.","Aunque equitativo en principio, es esencial considerar variaciones biológicas y culturales para una aplicación efectiva que no genere tensiones innecesarias en la sociedad. Priorizando diferencias, previene resentimientos. Sin consideraciones, agrava problemas. En resumen, adaptación es clave."
