"category","roleplay_prompt","character_a","character_b"
"Casual Conversations","Discussing favorite new streaming series during a coffee break","Colleague","Friend"
"Casual Conversations","Planning a weekend group outing to a local food festival","Organizer","Participant"
"Casual Conversations","Sharing tips for managing stress during a busy workweek","Employee","Peer"
"Casual Conversations","Debating the best new restaurant for a team lunch","Foodie","Colleague"
"Casual Conversations","Comparing experiences with new fitness apps or wearables","User","Friend"
"Professional Scenarios","Negotiating a hybrid work schedule with a manager","Employee","Manager"
"Professional Scenarios","Pitching a sustainability initiative for the office to a team lead","Team Member","Lead"
"Professional Scenarios","Discussing a new AI tool's impact on project efficiency","Analyst","Supervisor"
"Professional Scenarios","Resolving a scheduling conflict for a team meeting","Coordinator","Colleague"
"Professional Scenarios","Brainstorming ideas for a company-wide virtual team-building event","Planner","Team Member"
"Fun Scenarios","Organizing a trivia night with colleagues using current news topics","Host","Player"
"Fun Scenarios","Creating a playlist for a company event with 2025 music trends","DJ","Event Planner"
"Fun Scenarios","Planning a mock office Olympics with desk-based challenges","Organizer","Participant"
"Fun Scenarios","Debating the best eco-friendly travel destinations for a group trip","Traveler","Friend"
"Fun Scenarios","Designing a virtual escape room for a team social","Designer","Teammate"
"Technology and Trends","Discussing the pros and cons of a new collaboration app","Tech Enthusiast","User"
"Technology and Trends","Comparing experiences with AI-powered productivity tools","Employee","Peer"
"Technology and Trends","Planning a social media campaign for a community project","Marketer","Collaborator"
"Technology and Trends","Troubleshooting a smart home device during a lunch chat","Techie","Friend"
"Technology and Trends","Debating the ethics of AI in workplace decision-making","Analyst","Manager"
"Workplace Dynamics","Resolving a misunderstanding about project responsibilities","Team Member","Colleague"
"Workplace Dynamics","Discussing strategies for a successful client presentation","Salesperson","Client"
"Workplace Dynamics","Mentoring a new intern on time management techniques","Mentor","Intern"
"Workplace Dynamics","Collaborating on a report deadline under tight constraints","Writer","Editor"
"Workplace Dynamics","Addressing a coworker's feedback on a group project","Team Member","Coworker"
"Social and Community","Planning a local charity event with coworkers","Organizer","Volunteer"
"Social and Community","Discussing a book club's latest read on personal growth","Reader","Member"
"Social and Community","Organizing a community clean-up day with a team","Coordinator","Participant"
"Social and Community","Sharing ideas for a neighborhood sustainability project","Resident","Neighbor"
"Social and Community","Debating the impact of social media on mental health","Friend","Debater"
